johnmiller004,John,Miller
janemiller886,Jane,Miller
chrisgarcia310,Chris,Garcia
sarahdavis024,Sarah,Davis
mikemiller872,Mike,Miller
janejohnson286,Jane,Johnson
annasmith133,Anna,Smith
janejones476,Jane,Jones
mikejones684,Mike,Jones
johnmiller959,John,Miller
johnmartinez984,John,Martinez
annajohnson548,Anna,Johnson
annasmith135,Anna,Smith
emilyrodriguez472,Emily,Rodriguez
mikejohnson080,Mike,Johnson
emilydavis663,Emily,Davis
laurasmith298,Laura,Smith
annajohnson422,Anna,Johnson
annajones755,Anna,Jones
sarahjones888,Sarah,Jones
emilyrodriguez859,Emily,Rodriguez
johnmartinez023,John,Martinez
daviddavis704,David,Davis
alexrodriguez528,Alex,Rodriguez
johnrodriguez015,John,Rodriguez
johnmiller827,John,Miller
laurabrown577,Laura,Brown
laurajohnson607,Laura,Johnson
janerodriguez124,Jane,Rodriguez
janejohnson337,Jane,Johnson
lauragarcia142,Laura,Garcia
laurabrown533,Laura,Brown
laurajones146,Laura,Jones
johnwilliams369,John,Williams
janedavis349,Jane,Davis
chrismartinez574,Chris,Martinez
johnjones082,John,Jones
daviddavis316,David,Davis
alexsmith547,Alex,Smith
alexdavis946,Alex,Davis
johnwilliams222,John,Williams
annagarcia786,Anna,Garcia
johnwilliams140,John,Williams
lauragarcia308,Laura,Garcia
annamartinez008,Anna,Martinez
laurarodriguez609,Laura,Rodriguez
emilymiller268,Emily,Miller
davidgarcia815,David,Garcia
mikejones542,Mike,Jones
johnmiller043,John,Miller
alexmiller065,Alex,Miller
laurabrown246,Laura,Brown
emilyrodriguez686,Emily,Rodriguez
annagarcia088,Anna,Garcia
alexjones583,Alex,Jones
johnjohnson736,John,Johnson
sarahjones566,Sarah,Jones
emilywilliams839,Emily,Williams
alexmiller044,Alex,Miller
chrisjones149,Chris,Jones
janerodriguez494,Jane,Rodriguez
chrisgarcia044,Chris,Garcia
johnmartinez292,John,Martinez
chrisrodriguez872,Chris,Rodriguez
sarahrodriguez409,Sarah,Rodriguez
johnbrown389,John,Brown
mikebrown374,Mike,Brown
alexjones118,Alex,Jones
davidjones174,David,Jones
johngarcia775,John,Garcia
davidjohnson209,David,Johnson
davidbrown378,David,Brown
davidmartinez760,David,Martinez
davidjones626,David,Jones
johnrodriguez488,John,Rodriguez
annamartinez998,Anna,Martinez
annawilliams421,Anna,Williams
chrisjones433,Chris,Jones
janegarcia865,Jane,Garcia
alexrodriguez123,Alex,Rodriguez
johnjohnson739,John,Johnson
annagarcia773,Anna,Garcia
janerodriguez446,Jane,Rodriguez
janemiller034,Jane,Miller
johnsmith408,John,Smith
janemartinez067,Jane,Martinez
emilybrown308,Emily,Brown
mikewilliams370,Mike,Williams
sarahrodriguez285,Sarah,Rodriguez
chrissmith824,Chris,Smith
emilydavis239,Emily,Davis
annabrown227,Anna,Brown
sarahgarcia004,Sarah,Garcia
chrismiller840,Chris,Miller
davidmiller425,David,Miller
chrisjohnson325,Chris,Johnson
annagarcia606,Anna,Garcia
mikemiller478,Mike,Miller
annajohnson173,Anna,Johnson
alexwilliams946,Alex,Williams
mikemartinez202,Mike,Martinez
mikerodriguez055,Mike,Rodriguez
johnmartinez436,John,Martinez
annajohnson798,Anna,Johnson
emilyrodriguez622,Emily,Rodriguez
sarahbrown187,Sarah,Brown
davidsmith050,David,Smith
alexjones759,Alex,Jones
davidgarcia766,David,Garcia
daviddavis700,David,Davis
sarahrodriguez617,Sarah,Rodriguez
janegarcia255,Jane,Garcia
johnbrown283,John,Brown
emilyjohnson083,Emily,Johnson
johnsmith107,John,Smith
johndavis542,John,Davis
mikesmith221,Mike,Smith
sarahsmith341,Sarah,Smith
mikejohnson548,Mike,Johnson
johndavis065,John,Davis
lauragarcia739,Laura,Garcia
emilywilliams969,Emily,Williams
sarahjohnson286,Sarah,Johnson
annabrown866,Anna,Brown
alexjones125,Alex,Jones
davidjohnson903,David,Johnson
chrisbrown670,Chris,Brown
laurajohnson688,Laura,Johnson
mikemartinez236,Mike,Martinez
emilyjohnson326,Emily,Johnson
annabrown288,Anna,Brown
mikejones569,Mike,Jones
laurasmith120,Laura,Smith
emilyjohnson696,Emily,Johnson
annajones997,Anna,Jones
emilybrown488,Emily,Brown
daviddavis517,David,Davis
johndavis400,John,Davis
mikerodriguez647,Mike,Rodriguez
laurasmith407,Laura,Smith
annarodriguez256,Anna,Rodriguez
davidwilliams257,David,Williams
davidmiller509,David,Miller
sarahmartinez715,Sarah,Martinez
janemartinez432,Jane,Martinez
johnjones545,John,Jones
mikesmith392,Mike,Smith
chrisrodriguez812,Chris,Rodriguez
mikerodriguez273,Mike,Rodriguez
sarahjones624,Sarah,Jones
sarahwilliams721,Sarah,Williams
chrisjones416,Chris,Jones
annagarcia831,Anna,Garcia
sarahgarcia864,Sarah,Garcia
johnmartinez477,John,Martinez
alexdavis776,Alex,Davis
emilygarcia802,Emily,Garcia
annamiller523,Anna,Miller
alexdavis215,Alex,Davis
johnjones755,John,Jones
sarahmartinez164,Sarah,Martinez
alexdavis927,Alex,Davis
johnmartinez968,John,Martinez
mikejones879,Mike,Jones
sarahrodriguez800,Sarah,Rodriguez
emilydavis466,Emily,Davis
lauramartinez596,Laura,Martinez
johnsmith787,John,Smith
sarahmiller780,Sarah,Miller
mikejones972,Mike,Jones
annasmith764,Anna,Smith
davidbrown550,David,Brown
emilygarcia702,Emily,Garcia
johndavis159,John,Davis
chrismartinez432,Chris,Martinez
mikerodriguez158,Mike,Rodriguez
alexwilliams476,Alex,Williams
chrisrodriguez108,Chris,Rodriguez
janejones396,Jane,Jones
lauradavis221,Laura,Davis
chrismartinez600,Chris,Martinez
emilyjohnson803,Emily,Johnson
johnsmith854,John,Smith
chrissmith009,Chris,Smith
annajones888,Anna,Jones
janejohnson173,Jane,Johnson
mikerodriguez093,Mike,Rodriguez
annarodriguez541,Anna,Rodriguez
emilygarcia653,Emily,Garcia
janejones395,Jane,Jones
mikebrown963,Mike,Brown
mikejones708,Mike,Jones
davidgarcia296,David,Garcia
lauradavis646,Laura,Davis
johnmiller540,John,Miller
emilygarcia761,Emily,Garcia
chrisjohnson334,Chris,Johnson
janebrown519,Jane,Brown
alexmiller556,Alex,Miller
alexrodriguez130,Alex,Rodriguez
mikewilliams773,Mike,Williams
sarahwilliams402,Sarah,Williams
annabrown685,Anna,Brown
alexmiller946,Alex,Miller
johnrodriguez380,John,Rodriguez
davidgarcia564,David,Garcia
johnmartinez405,John,Martinez
alexrodriguez714,Alex,Rodriguez
chrisjohnson590,Chris,Johnson
alexjones642,Alex,Jones
sarahmiller134,Sarah,Miller
laurasmith360,Laura,Smith
johnmiller182,John,Miller
annadavis088,Anna,Davis
johnjones097,John,Jones
alexjohnson477,Alex,Johnson
chriswilliams394,Chris,Williams
emilymartinez072,Emily,Martinez
chrissmith987,Chris,Smith
annarodriguez894,Anna,Rodriguez
mikewilliams458,Mike,Williams
annabrown861,Anna,Brown
annajones012,Anna,Jones
johnwilliams519,John,Williams
alexjohnson466,Alex,Johnson
johnrodriguez906,John,Rodriguez
laurajones863,Laura,Jones
mikewilliams611,Mike,Williams
chrisbrown217,Chris,Brown
davidgarcia394,David,Garcia
chrisbrown495,Chris,Brown
annagarcia146,Anna,Garcia
mikedavis484,Mike,Davis
alexjones403,Alex,Jones
sarahbrown647,Sarah,Brown
annasmith778,Anna,Smith
laurajohnson450,Laura,Johnson
johnmiller823,John,Miller
lauradavis382,Laura,Davis
chrissmith223,Chris,Smith
emilyjohnson495,Emily,Johnson
laurawilliams708,Laura,Williams
lauramartinez568,Laura,Martinez
emilybrown199,Emily,Brown
alexjones464,Alex,Jones
alexdavis955,Alex,Davis
laurajones008,Laura,Jones
janebrown121,Jane,Brown
emilysmith205,Emily,Smith
davidbrown896,David,Brown